[
  {
    "title": "X",
    "url": "https://twitter.com/rashidshamloo",
    "image": "/images/footer/social-media/x.png"
  },
  {
    "title": "Facebook",
    "url": "https://www.linkedin.com/in/rashid-shamloo/",
    "image": "/images/footer/social-media/facebook.png"
  },
  {
    "title": "Instagram",
    "url": "https://www.rashidshamloo.com/",
    "image": "/images/footer/social-media/instagram.png"
  },
  {
    "title": "Youtube",
    "url": "https://www.rashidshamloo.ir/",
    "image": "/images/footer/social-media/youtube.png"
  },
  {
    "title": "TikTok",
    "url": "https://dev.to/rashidshamloo",
    "image": "/images/footer/social-media/tiktok.png"
  }
]
